{"cameraMode":{"drawMode":0,"name":"Shaded","section":"Shading Mode"},"sceneLighting":false,"audioPlay":false,"sceneViewState":{"showFog":true,"showMaterialUpdate":false,"showSkybox":false,"showFlares":true,"showImageEffects":true,"showParticleSystems":true},"in2DMode":false,"pivot":{"x":621.1534423828125,"y":354.97491455078127,"z":-78.887451171875},"rotation":{"x":-0.028496120125055314,"y":0.0014993682270869613,"z":0.00004276297113392502,"w":0.9995929598808289},"size":797.9102783203125,"orthographic":true}